<?xml version="1.0" encoding="UTF-8"?>
<beans  
     xmlns="http://www.springframework.org/schema/beans"   
    xmlns:xsi="http://www.w3.org/2001/XMLSchema-instance"  
    xmlns:p="http://www.springframework.org/schema/p"  
    xsi:schemaLocation="http://www.springframework.org/schema/beans  
               http://www.springframework.org/schema/beans/spring-beans-3.0.xsd">  
  
<bean id="studentbean" class="sample.Student">  
 <!--<property name="name" value="Kalaivany"></property>  
<property name="age" value="21"></property>  -->
<constructor-arg value="kalai" type="String"></constructor-arg>
<constructor-arg value="6" ></constructor-arg>
</bean>  
  
</beans>  